Model,MSE,RMSE,MAE
LSTM,503.9461975097656,22.44874601196614,17.003917694091797
GRU,323.7949523925781,17.994303331681895,13.31080150604248
