Model,MSE,RMSE,MAE
LSTM,709.7383422851562,26.64091481697196,20.087623596191406
GRU,402.58251953125,20.0644591138473,15.513612747192383
